"","Sable_geo_df_binary.LONGITUDE","Sable_geo_df_binary.LATITUDE","data"
"1",8.42686,52.63291,1
"2",12.46105,53.67763,1
"3",13.09423,53.72638,1
"4",13.01127,53.74382,1
"5",-7.91137000000001,52.81714,1
"6",10.14269,53.10619,1
"7",13.74271,54.19866,1
"8",10.25964,53.22142,1
"9",9.90907999999999,52.5843,1
"10",10.63563,52.92212,1
"11",7.59893,52.60295,1
"12",8.88175000000001,52.478,1
"13",1.70652999999999,51.3995,1
"14",1.49354,51.64494,1
"15",1.45277999999999,51.65381,1
"16",1.48892000000001,51.45328,1
"17",1.55450999999999,51.4565,1
"18",1.44013000000001,51.48754,1
"19",9.34683999999999,52.37157,1
"20",7.34662,52.38416,1
"21",4.53555,51.75646,1
"22",2.77029999999999,51.59516,1
"23",0.825029999999998,51.59628,1
"24",9.92499000000001,52.54002,1
"25",1.13946000000001,51.60613,1
"26",6.88378,52.27803,1
"27",1.13742999999999,51.61001,1
"28",2.82209,51.61332,1
"29",-3.21647999999999,51.93955,1
"30",8.04012,52.20443,1
"31",8.36742000000001,52.21752,1
"32",-6.17959999999999,52.10403,1
"33",6.08499,51.84459,1
"34",4.37326999999999,52.15248,1
"35",6.81032999999999,52.26868,1
"36",9.90549999999999,52.54438,1
"37",10.26142,53.21767,1
"38",7.34899999999999,52.3864,1
"39",7.05345,52.27187,1
"40",6.8665,52.27245,1
"41",11.28587,53.39086,1
"42",9.89023,52.57618,1
"43",8.31997999999999,52.19075,1
"44",6.88974999999999,52.27821,1
"45",9.72494,52.42864,1
"46",6.89188999999999,52.27948,1
"47",12.46937,53.67562,1
"48",6.24064000000001,52.43749,1
"49",7.62341000000001,52.60756,1
"50",7.57738000000001,52.61793,1
"51",5.08183,52.22041,1
"52",13.02418,53.74321,1
"53",6.72917000000001,52.28859,1
"54",12.7405,53.78568,1
"55",7.04606000000001,52.24676,1
"56",5.2217,52.3018,1
"57",6.85004000000001,52.25439,1
"58",13.82989,54.20924,1
"59",11.01859,53.1157,1
"60",14.24437,54.21666,1
"61",3.35386,51.53277,1
"62",2.17436000000001,51.56368,1
"63",1.91756000000001,51.5652,1
"64",1.96976000000001,51.57595,1
"65",-2.07491999999999,51.72048,1
"66",-2.67151999999999,51.72193,1
"67",2.78363999999999,51.59804,1
"68",2.41338999999999,51.60041,1
"69",1.14314999999999,51.60689,1
"70",0.85105999999999,51.60705,1
"71",4.65942000000001,51.7852,1
"72",-1.47355999999999,52.03784,1
"73",4.36888999999999,51.79702,1
"74",4.40989999999999,51.80097,1
"75",-1.68548999999999,52.05512,1
"76",2.84368000000001,51.62547,1
"77",6.08401000000001,51.83961,1
"78",2.82390000000001,51.63032,1
"79",1.37212,51.4516,1
"80",6.13883000000001,51.84619,1
"81",1.49977999999999,51.64741,1
"82",1.45856000000001,51.65361,1
"83",1.49569,51.49028,1
"84",1.42245,51.50783,1
"85",-3.21906999999999,51.93822,1
"86",6.17532,52.21193,1
"87",8.36642000000001,52.21555,1
"88",14.24718,54.39665,1
"89",6.0883,51.83965,1
"90",0.276209999999992,52.08484,1
"91",6.49292,52.502,1
"92",-0.0395800000000008,52.50379,1
"93",10.2628,53.21224,1
"94",5.22417999999999,52.30383,1
"95",6.45077000000001,52.50443,1
"96",4.40662,51.84303,1
"97",6.5247,52.52156,1
"98",4.29080999999999,51.84373,1
"99",10.6353,52.92182,1
"100",12.40902,53.49485,1
"101",-1.56790000000001,51.85139,1
"102",7.25412,52.33338,1
"103",12.63117,53.59155,1
"104",4.37343999999999,52.15403,1
"105",6.69977,52.56132,1
"106",-4.10604000000001,52.00736,1
"107",4.79962,52.16829,1
"108",7.35060999999999,52.38639,1
"109",12.46685,53.67435,1
"110",-4.11365000000001,52.02566,1
"111",9.91041999999999,52.58783,1
"112",13.04636,53.7597,1
"113",9.71928,52.41336,1
"114",7.60514000000001,52.60431,1
"115",7.57447999999999,52.61614,1
"116",13.49276,53.96808,1
"117",6.25158999999999,52.43564,1
"118",3.66285999999999,52.04395,1
"119",8.31447,52.18871,1
"120",13.69384,54.18558,1
"121",13.80402,54.19544,1
"122",13.73545,54.19743,1
"123",-1.74605,51.90894,1
"124",0.219950000000011,52.04953,1
"125",6.86677,52.2728,1
"126",-8.29848000000001,53.09803,1
"127",14.25597,54.21011,1
"128",13.8407,54.21638,1
"129",4.37778,51.79745,1
"130",-3.31446,51.92034,1
"131",-1.70307,52.06163,1
"132",8.04871,52.20118,1
"133",10.14098,53.10682,1
"134",6.89447000000001,52.27804,1
"135",10.13698,53.11588,1
"136",0.885289999999998,51.19535,1
"137",0.984700000000004,51.20334,1
"138",1.91677999999999,51.56534,1
"139",1.97127,51.57527,1
"140",2.33974000000001,51.58286,1
"141",1.93466000000001,51.58751,1
"142",4.55261999999999,51.75922,1
"143",1.37118000000001,51.45181,1
"144",2.77077,51.59476,1
"145",2.21785,51.59721,1
"146",0.834620000000001,51.60026,1
"147",4.66289,51.78597,1
"148",1.34621999999999,51.51098,1
"149",-2.29168000000001,51.76571,1
"150",-2.29405,51.7659,1
"151",1.14201,51.60776,1
"152",4.44745,51.70748,1
"153",1.96589,51.56252,1
"154",2.38938999999999,51.60834,1
"155",1.91127,51.56264,1
"156",2.17805999999999,51.56453,1
"157",1.81166999999999,51.61765,1
"158",2.15155999999999,51.62563,1
"159",1.56102000000001,51.62613,1
"160",2.81909999999999,51.62882,1
"161",1.49409,51.64701,1
"162",1.45716999999999,51.65381,1
"163",-7.19899000000001,52.63277,0
"164",-6.1293,52.65083,0
"165",-7.7269,52.95112,0
"166",9.60158999999999,52.95968,0
"167",-6.75962000000001,52.96798,0
"168",-6.00036,52.66205,0
"169",-7.31766999999999,52.66302,0
"170",0.640289999999993,52.66525,0
"171",-7.25130999999999,52.67723,0
"172",9.92965000000001,52.97824,0
"173",-9.05223000000001,52.97946,0
"174",9.57968,52.98715,0
"175",12.71741,53.69088,0
"176",12.77539,53.701,0
"177",-7.22982999999999,52.70032,0
"178",-7.67684,52.99623,0
"179",-7.68692999999999,53.00043,0
"180",-6.80698000000001,53.01191,0
"181",-7.29857000000001,52.70306,0
"182",9.50727000000001,52.70541,0
"183",-6.78964999999999,53.02729,0
"184",-9.10674,53.03883,0
"185",10.05858,53.0564,0
"186",13.49282,53.96798,0
"187",13.41251,53.99926,0
"188",9.33457999999999,52.74322,0
"189",9.28505999999999,52.74544,0
"190",-7.01423,53.0644,0
"191",-7.04886999999999,53.06807,0
"192",-7.18251000000001,53.07411,0
"193",13.36211,54.03126,0
"194",13.65223,54.06984,0
"195",9.42202,52.74851,0
"196",-5.94887,52.77352,0
"197",9.31406000000001,52.7832,0
"198",11.16338,53.07859,0
"199",-7.28964999999999,53.08573,0
"200",13.72795,54.10774,0
"201",-7.43946,52.80378,0
"202",-6.27044000000001,52.81904,0
"203",9.88263000000001,53.08695,0
"204",13.74426,54.16095,0
"205",-7.44834,52.82052,0
"206",8.64302000000001,52.8226,0
"207",8.51013,52.82759,0
"208",-9.00806,53.10965,0
"209",-9.09779,53.1128,0
"210",13.68417,54.16619,0
"211",-7.79268999999999,52.82995,0
"212",11.02671,53.11768,0
"213",13.73704,54.18683,0
"214",-6.31900999999999,52.83044,0
"215",-7.66673,52.84725,0
"216",-7.58250000000001,52.85505,0
"217",-7.55579,52.85985,0
"218",-7.56281999999999,52.86159,0
"219",-9.13549,53.12312,0
"220",-9.09126000000001,53.13122,0
"221",10.15223,53.15126,0
"222",13.96249,54.21945,0
"223",14.12436,54.23887,0
"224",14.09161,54.23909,0
"225",-7.63245000000001,52.86506,0
"226",-7.72732999999999,52.86668,0
"227",-9.14921000000001,53.1623,0
"228",-9.19951,53.24052,0
"229",13.97895,54.24728,0
"230",8.70357999999999,52.87044,0
"231",-9.11555999999999,52.90935,0
"232",-9.09872999999999,53.24154,0
"233",-9.15797000000001,53.26067,0
"234",-9.26840000000001,53.29108,0
"235",14.13036,54.26447,0
"236",14.44596,54.34741,0
"237",14.3135,54.36785,0
"238",-9.18466000000001,52.9124,0
"239",10.50569,52.91764,0
"240",-9.35160999999999,53.30546,0
"241",11.28217,53.38996,0
"242",14.45165,54.37188,0
"243",14.52045,54.41248,0
"244",9.32155,52.57785,0
"245",-5.69158999999999,52.58611,0
"246",-6.57518999999999,52.58975,0
"247",9.53872000000001,52.92535,0
"248",11.50511,53.43853,0
"249",12.4753,53.51373,0
"250",12.56805,53.59849,0
"251",-7.07474999999999,52.59102,0
"252",9.58541,52.92719,0
"253",11.82008,53.59945,0
"254",14.43362,54.42203,0
"255",-5.79995,52.6156,0
"256",-7.15602999999999,52.61723,0
"257",-9.01517999999999,52.93792,0
"258",-7.75846999999999,52.94564,0
"259",12.55088,53.63171,0
"260",-1.81639000000001,51.9651,0
"261",6.0729,51.96751,0
"262",7.59491,52.10449,0
"263",-3.76527999999999,52.12422,0
"264",-3.70771999999999,52.12743,0
"265",-0.641739999999999,52.22079,0
"266",-6.53819999999999,52.22585,0
"267",-3.96324000000001,52.22817,0
"268",-3.95318,52.29694,0
"269",5.22003000000001,52.30068,0
"270",0.20447999999999,52.30192,0
"271",-4.18522999999999,52.30687,0
"272",6.42044999999999,52.47405,0
"273",9.85436000000001,52.47964,0
"274",-0.75609,51.25118,0
"275",-0.712310000000002,51.25411,0
"276",0.961810000000014,51.26868,0
"277",-0.632339999999999,51.27932,0
"278",1.55840000000001,51.62685,0
"279",1.41034999999999,51.63066,0
"280",3.72763,51.63393,0
"281",-1.56645,51.85014,0
"282",-2.52716000000001,51.85084,0
"283",-1.53634,51.85764,0
"284",5.99675999999999,51.96998,0
"285",-6.22483,52.13259,0
"286",7.53628,52.13382,0
"287",-4.62526,52.23251,0
"288",-4.75666000000001,52.23719,0
"289",7.04292000000001,52.24198,0
"290",6.05653000000001,52.33644,0
"291",0.12921,52.33775,0
"292",-6.48104000000001,52.33939,0
"293",-5.62568999999999,52.48213,0
"294",-6.81557000000001,52.48323,0
"295",-1.09218999999999,51.3601,0
"296",-0.838940000000008,51.36614,0
"297",-0.858229999999992,51.36692,0
"298",-1.10252,51.37,0
"299",-4.34747999999999,51.64349,0
"300",-0.399519999999995,51.85835,0
"301",-1.53720000000001,51.8588,0
"302",-1.62842000000001,51.86465,0
"303",3.49284,51.97438,0
"304",-3.17124999999999,51.97489,0
"305",-3.76523,52.14202,0
"306",4.71809999999999,52.14237,0
"307",-0.523110000000003,52.14373,0
"308",-4.05132,52.24511,0
"309",-3.97862000000001,52.24609,0
"310",-6.81509,52.34173,0
"311",-3.64879999999999,52.3518,0
"312",-4.00022999999999,52.36152,0
"313",-7.05468999999999,52.56732,0
"314",7.60617999999999,52.56748,0
"315",-0.937939999999998,51.39448,0
"316",-1.09303,51.41731,0
"317",-1.17362,51.42963,0
"318",-1.87208000000001,51.64838,0
"319",5.93886000000001,51.86653,0
"320",-4.10442,51.86801,0
"321",7.41454999999999,51.97902,0
"322",-3.90225000000001,51.98358,0
"323",-4.8682,52.15418,0
"324",4.37212,52.15472,0
"325",6.91336000000001,52.24862,0
"326",6.27005,52.25075,0
"327",-0.37088,52.36192,0
"328",0.0882599999999911,52.36879,0
"329",3.64496,51.65706,0
"330",2.26916,51.6685,0
"331",-2.04165,51.67087,0
"332",-2.28799000000001,51.86947,0
"333",-1.44956999999999,51.87118,0
"334",5.46897999999999,51.87324,0
"335",6.04343,51.99051,0
"336",-2.33142000000001,51.99184,0
"337",-3.58915999999999,52.15803,0
"338",7.00984,52.25273,0
"339",7.65732,52.48632,0
"340",-5.63477,52.49157,0
"341",-1.74412000000001,51.69197,0
"342",-4.45468,51.69596,0
"343",-1.66596999999999,51.88596,0
"344",4.80615,51.88702,0
"345",-2.62206,51.99271,0
"346",6.27258,51.99383,0
"347",5.90466000000001,51.99537,0
"348",-1.96850000000001,51.9959,0
"349",-4.80456000000001,52.16194,0
"350",7.30524,52.16711,0
"351",6.85337999999999,52.25375,0
"352",6.48161999999999,52.49772,0
"353",-5.57380000000001,52.50277,0
"354",1.42273,51.50777,0
"355",1.34891999999999,51.51126,0
"356",-4.22434999999999,51.71512,0
"357",-2.07325,51.71974,0
"358",-1.99809999999999,51.73647,0
"359",6.08850000000001,51.88791,0
"360",-1.74539999999999,51.89238,0
"361",-4.10429999999999,52.00574,0
"362",-4.09591,52.00822,0
"363",-2.17286999999999,52.01579,0
"364",6.90431000000001,52.16802,0
"365",-6.30194,52.17782,0
"366",-4.89198999999999,52.25582,0
"367",5.55699999999999,52.25707,0
"368",6.62779,52.2586,0
"369",-5.84053,52.38884,0
"370",-4.08296000000001,52.3893,0
"371",-6.02081000000001,52.39054,0
"372",8.63703000000001,52.3911,0
"373",6.44120000000001,52.5034,0
"374",-0.0432199999999909,52.50387,0
"375",-5.74789000000001,52.50627,0
"376",1.91506000000001,51.56542,0
"377",-2.65869000000001,51.74319,0
"378",-4.13488000000001,51.74452,0
"379",1.94662,51.75375,0
"380",-4.07284999999999,51.89656,0
"381",-1.78480999999999,51.89681,0
"382",-1.74913000000001,51.89941,0
"383",-1.85398000000001,51.90071,0
"384",3.62395000000001,52.02352,0
"385",-2.24788000000001,52.02706,0
"386",7.54339999999999,52.17902,0
"387",-3.67991000000001,52.17979,0
"388",6.76244,52.25877,0
"389",9.41994,52.39513,0
"390",6.18727999999999,52.39755,0
"391",-7.04572999999999,52.50793,0
"392",-5.56528,52.51677,0
"393",1.63022000000001,51.56845,0
"394",-4.12880000000001,51.75638,0
"395",-2.65982,51.76175,0
"396",-1.66492,51.90176,0
"397",-3.39972,51.90708,0
"398",-2.17541,52.02794,0
"399",-0.383839999999992,52.18058,0
"400",6.56243000000001,52.26253,0
"401",7.11132000000001,52.26516,0
"402",-4.15575999999999,52.40019,0
"403",9.89294000000001,52.40023,0
"404",7.38882000000001,52.40048,0
"405",-5.91977,52.51746,0
"406",7.71804,52.5196,0
"407",1.99654000000001,51.57806,0
"408",2.33936,51.58323,0
"409",-2.29194000000001,51.76619,0
"410",-2.29758000000001,51.76692,0
"411",2.49252000000001,51.76849,0
"412",6.21755999999999,51.91074,0
"413",-1.97120000000001,52.03069,0
"414",-3.52959999999999,52.03273,0
"415",-2.34524999999999,52.03749,0
"416",-6.38642999999999,52.18388,0
"417",-4.74515,52.18496,0
"418",-4.80441999999999,52.26736,0
"419",0.079669999999993,52.26795,0
"420",-5.74016,52.40426,0
"421",6.23177999999999,52.4183,0
"422",6.19592,52.42428,0
"423",6.52426,52.52152,0
"424",1.90548999999999,51.77119,0
"425",-2.54230999999999,51.77181,0
"426",6.20474999999999,51.91106,0
"427",-1.63897,52.04035,0
"428",-2.57254,52.0412,0
"429",5.87324000000001,52.04352,0
"430",-4.82626999999999,52.18633,0
"431",-6.44756000000001,52.1966,0
"432",7.05303000000001,52.26986,0
"433",7.12588,52.27139,0
"434",-5.74731,52.42759,0
"435",-4.29483999999999,52.42804,0
"436",-5.70188999999999,52.52512,0
"437",9.4434,52.53233,0
"438",2.40951999999999,51.59987,0
"439",1.93636000000001,51.60466,0
"440",4.95433,51.77686,0
"441",4.96618000000001,51.77717,0
"442",-4.08411000000001,51.77748,0
"443",4.65479999999999,51.78467,0
"444",-1.58940999999999,51.91817,0
"445",6.31028000000001,51.92178,0
"446",-2.53819999999999,52.04627,0
"447",-3.59057999999999,52.05848,0
"448",6.06138999999999,52.20064,0
"449",0.0558900000000051,52.20195,0
"450",-3.89806999999999,52.27427,0
"451",6.87243000000001,52.27452,0
"452",-4.12281999999999,52.27586,0
"453",6.23322999999999,52.43861,0
"454",-0.115569999999991,52.44513,0
"455",7.67292,52.54344,0
"456",3.61664999999999,51.60811,0
"457",2.39106000000001,51.79039,0
"458",4.37266,51.79678,0
"459",-2.32805999999999,51.7985,0
"460",-3.39671999999999,51.92448,0
"461",-3.32706999999999,51.93096,0
"462",-1.69935000000001,52.06357,0
"463",-2.68231,52.07003,0
"464",6.13219000000001,52.20212,0
"465",-3.78854999999999,52.20236,0
"466",-3.93872999999999,52.27667,0
"467",6.89386999999999,52.28014,0
"468",-5.68714,52.44855,0
"469",-6.49755999999999,52.56088,0
"470",4.80132,51.79864,0
"471",4.36610999999999,51.79993,0
"472",6.48558,51.95289,0
"473",4.55076,52.08024,0
"474",7.21835999999999,52.20557,0
"475",7.17274,52.20692,0
"476",-4.04194000000001,52.28112,0
"477",9.3253,52.28405,0
"478",-6.23133000000001,52.45586,0
"479",0.195969999999988,52.45846,0
"480",3.43319,51.61562,0
"481",1.81674000000001,51.61564,0
"482",4.28854000000001,51.80008,0
"483",-4.09435999999999,51.8049,0
"484",5.06426999999999,51.8164,0
"485",-2.41382999999999,51.82034,0
"486",-1.72995,51.95809,0
"487",6.35469000000001,51.95819,0
"488",-3.66632000000001,52.09457,0
"489",4.70860999999999,52.09969,0
"490",5.0557,52.21173,0
"491",0.0302200000000141,52.21786,0
"492",-4.13705999999999,52.28701,0
"493",-4.65383,52.28892,0
"494",6.40591000000001,52.46558,0
"495",-6.62212,52.46587,0
"496",2.15112999999999,51.62478,0
"497",-2.50266999999999,51.83322,0
"498",-4.16423,51.83336,0
"499",6.23221000000001,51.96151,0
"500",-2.29212000000001,52.10221,0
"501",-4.72185999999999,52.2187,0
"502",-5.77026000000001,52.46773,0
"503",-7.03654,52.46791,0
"504",-0.816290000000009,51.24314,0
"505",-1.58681999999999,51.62487,0
"506",4.32482999999999,51.84424,0
"507",-3.96834000000001,51.96406,0
"508",6.01721000000001,51.96457,0
"509",-0.52364,52.14253,0
"510",-3.77081999999999,52.14458,0
"511",-0.240559999999988,52.14914,0
"512",7.12237999999999,52.26204,0
"513",-3.87497999999999,52.26714,0
"514",0.0799499999999966,52.26817,0
"515",5.46581,52.35241,0
"516",-0.362130000000008,52.36356,0
"517",-4.00146000000001,52.36451,0
"518",6.52717000000001,52.52275,0
"519",-7.05940000000001,52.52676,0
"520",-7.60446999999999,52.84486,0
"521",8.57441,52.84573,0
"522",-7.58909,52.85358,0
"523",-7.55737999999999,52.85939,0
"524",-7.61723000000001,52.86054,0
"525",-9.09098,53.13108,0
"526",-9.13279,53.15414,0
"527",13.98334,54.22642,0
"528",14.13439,54.24975,0
"529",6.33763999999999,52.26898,0
"530",-3.97380000000001,52.36725,0
"531",0.0857100000000059,52.36988,0
"532",-6.03265999999999,52.37961,0
"533",-5.85891000000001,52.38218,0
"534",0.395240000000001,52.53409,0
"535",-7.72909000000001,52.86686,0
"536",8.66817,52.86843,0
"537",-9.17668,53.23777,0
"538",-9.09733,53.24117,0
"539",-9.15180000000001,53.25914,0
"540",13.99964,54.25784,0
"541",-4.86168000000001,52.15543,0
"542",-4.80969999999999,52.15975,0
"543",-3.59966,52.15986,0
"544",-0.0890300000000082,52.27148,0
"545",6.18398999999999,52.38583,0
"546",9.33748,52.38682,0
"547",-6.50407000000001,52.55504,0
"548",7.64986999999999,52.5582,0
"549",-7.66616999999999,52.87231,0
"550",-9.27019999999999,53.29102,0
"551",-9.35087999999999,53.30644,0
"552",11.52284,53.31799,0
"553",-6.29892000000001,52.17699,0
"554",-4.82314,52.17981,0
"555",-4.11688000000001,52.27479,0
"556",6.61245,52.27524,0
"557",-0.343500000000006,52.3879,0
"558",-4.07909000000001,52.38846,0
"559",-5.72045,52.41185,0
"560",-7.05528000000001,52.56826,0
"561",-9.10864000000001,52.9102,0
"562",-9.19252,52.91206,0
"563",9.53846999999999,52.92519,0
"564",10.65397,52.93131,0
"565",-9.38593,53.33063,0
"566",11.28563,53.39153,0
"567",-3.67222000000001,52.18001,0
"568",7.22845000000001,52.18265,0
"569",-6.38660999999999,52.18349,0
"570",9.33001999999999,52.27605,0
"571",6.22964999999999,52.42107,0
"572",-5.65056000000001,52.57845,0
"573",-7.75630000000001,52.933,0
"574",-7.72865999999999,52.94805,0
"575",12.42261,53.54856,0
"576",-0.338009999999997,52.19033,0
"577",-6.42809,52.19273,0
"578",-4.68266,52.2765,0
"579",9.19614000000001,52.27906,0
"580",6.20302000000001,52.42483,0
"581",-4.29411999999999,52.42768,0
"582",-5.74572000000001,52.42873,0
"583",-5.67677,52.5833,0
"584",-7.07617999999999,52.5919,0
"585",9.60140999999999,52.95968,0
"586",9.93705,52.97747,0
"587",12.62955,53.58031,0
"588",12.60635,53.62255,0
"589",6.05348000000001,52.20044,0
"590",7.22637,52.20057,0
"591",6.14702,52.20454,0
"592",-0.0600200000000086,52.43335,0
"593",8.59769,52.43451,0
"594",-6.57285999999999,52.59202,0
"595",-9.05815000000001,52.98073,0
"596",-9.07993999999999,52.98603,0
"597",-7.69005000000001,52.99074,0
"598",12.6841,53.68384,0
"599",14.35133,54.38034,0
"600",7.17420000000001,52.20597,0
"601",5.0591,52.21259,0
"602",6.11845,52.27967,0
"603",-3.94479000000001,52.28305,0
"604",-0.123179999999991,52.44294,0
"605",-6.22986,52.4566,0
"606",-5.81768,52.61724,0
"607",9.77725000000001,52.64805,0
"608",9.60490999999999,53.00005,0
"609",12.74599,53.70932,0
"610",14.24503,54.39576,0
"611",14.40938,54.41121,0
"612",-6.52643,52.2203,0
"613",-4.72156000000001,52.22332,0
"614",-6.53764000000001,52.22581,0
"615",9.32566,52.28466,0
"616",-0.246600000000001,52.46358,0
"617",-6.62772000000001,52.4642,0
"618",-6.12984,52.65043,0
"619",-7.68729999999999,53.00046,0
"620",-6.80225999999999,53.01135,0
"621",-6.79060000000001,53.02763,0
"622",12.93871,53.75781,0
"623",0.358479999999986,52.22986,0
"624",-4.62303,52.23358,0
"625",5.17076,52.2356,0
"626",6.03871000000001,52.28575,0
"627",-6.20925,52.46667,0
"628",-6.81082000000001,52.46821,0
"629",-5.76481999999999,52.46863,0
"630",-7.20648,52.65545,0
"631",-7.32426000000001,52.66865,0
"632",-7.22542999999999,52.69827,0
"633",-9.08709999999999,53.03521,0
"634",-7.01714999999999,53.06475,0
"635",-7.16032000000001,53.06573,0
"636",-7.05304000000001,53.06806,0
"637",12.87828,53.76227,0
"638",-4.75611000000001,52.2374,0
"639",8.29651000000001,52.24361,0
"640",9.18288999999999,52.29014,0
"641",0.20850999999999,52.29086,0
"642",6.42212000000001,52.47918,0
"643",-5.58913000000001,52.48126,0
"644",-7.30596,52.70733,0
"645",9.47624999999999,52.72843,0
"646",10.92021,53.07075,0
"647",-7.21934999999999,53.07102,0
"648",9.85702000000001,53.07949,0
"649",12.69672,53.80986,0
"650",14.42644,54.47566,0
"651",6.90302,52.24904,0
"652",-3.95447999999999,52.29752,0
"653",-5.65342000000001,52.48222,0
"654",-7.04310000000001,52.48565,0
"655",9.35408000000001,52.74581,0
"656",9.38583,52.74823,0
"657",11.16514,53.08089,0
"658",13.3433,54.03866,0
"659",6.27229,52.25033,0
"660",6.16408000000001,52.30895,0
"661",-4.19042999999999,52.30936,0
"662",-5.82261,52.32658,0
"663",9.30793,52.49431,0
"664",6.42559,52.50112,0
"665",-5.9641,52.77362,0
"666",-7.40550999999999,52.80612,0
"667",-7.28931,53.08602,0
"668",11.12148,53.10229,0
"669",10.14422,53.10515,0
"670",13.64635,54.07195,0
"671",13.74873,54.09272,0
"672",-3.99599000000001,52.10172,0
"673",-3.76634000000001,52.12504,0
"674",-6.20842999999999,52.12829,0
"675",7.51718,52.12842,0
"676",-3.98782,52.25217,0
"677",-4.06782000000001,52.25336,0
"678",-6.80298999999999,52.33445,0
"679",6.06440000000001,52.33895,0
"680",6.49275,52.50182,0
"681",-5.57705000000001,52.50224,0
"682",-7.42558,52.80799,0
"683",-7.91307,52.8172,0
"684",-9.07674,53.10875,0
"685",-9.00984,53.10991,0
"686",13.7427,54.16059,0
"687",13.68836,54.16602,0
"688",-3.709,52.1285,0
"689",7.59791000000001,52.12928,0
"690",-6.46208999999999,52.34485,0
"691",-3.64849000000001,52.35163,0
"692",-3.62720999999999,52.35178,0
"693",-5.75751,52.50463,0
"694",-5.75317999999999,52.50534,0
"695",-7.04586,52.50886,0
"696",9.31773999999999,52.51583,0
"697",-7.44763,52.81933,0
"698",-6.28072,52.82277,0
"699",-6.31282999999999,52.82841,0
"700",8.53407000000001,52.83375,0
"701",10.09775,53.11481,0
"702",13.95085,54.20566,0
"703",6.74467000000001,52.2569,0
"704",-5.56779,52.51604,0
"705",-5.9306,52.51769,0
"706",-9.11354,53.12318,0
"707",1.35509999999999,51.51673,0
"708",3.24656999999999,51.55998,0
"709",3.26215999999999,51.56299,0
"710",-1.6703,51.66871,0
"711",2.26743999999999,51.66895,0
"712",2.79924,51.67723,0
"713",-1.66634999999999,51.67736,0
"714",2.23164,51.87196,0
"715",-1.65358000000001,51.87705,0
"716",-2.29974000000001,51.87897,0
"717",-0.284539999999993,51.88169,0
"718",6.05171000000001,51.99844,0
"719",-2.56662,52.00745,0
"720",-4.09693999999999,52.00987,0
"721",-2.01357999999999,52.01253,0
"722",2.17542279598547,51.5716430192479,0
"723",-4.44489999999999,51.68466,0
"724",-1.72728000000001,51.69102,0
"725",-4.21903,51.71629,0
"726",4.78742,51.88654,0
"727",6.09627,51.89008,0
"728",-4.11804000000001,52.01592,0
"729",-4.10939999999999,52.01616,0
"730",3.61292,52.01628,0
"731",-2.25118000000001,52.02732,0
"732",1.99936,51.57762,0
"733",2.34089,51.58323,0
"734",-1.77274,51.89581,0
"735",-4.09116,51.896,0
"736",7.57532,52.09634,0
"737",-3.67177000000001,52.09689,0
"738",1.97665000000001,51.58443,0
"739",1.97056000000001,51.74232,0
"740",-4.14572000000001,51.74412,0
"741",-2.10462000000001,51.746,0
"742",-2.13923,51.75062,0
"743",-4.31968000000001,51.75133,0
"744",6.27234000000001,51.90553,0
"745",-3.39776000000001,51.90696,0
"746",-0.292630000000003,52.09784,0
"747",2.21235999999999,51.59581,0
"748",-4.13171,51.75531,0
"749",4.55698000000001,51.76012,0
"750",-2.66055,51.76164,0
"751",6.20943,51.91093,0
"752",-3.32082,51.91941,0
"753",-2.35475,52.02811,0
"754",-2.17645999999999,52.03164,0
"755",-4.12124,52.03172,0
"756",2.02954,51.59845,0
"757",1.93583000000001,51.60493,0
"758",3.40170000000001,51.60676,0
"759",-4.09343000000001,51.76544,0
"760",-2.29249999999999,51.76564,0
"761",-2.29275999999999,51.76619,0
"762",-2.54471000000001,51.771,0
"763",-2.54016291324004,51.7628857323315,0
"764",-1.74816000000001,51.92324,0
"765",-3.40188000000001,51.925,0
"766",7.75178,52.03217,0
"767",-3.53496000000001,52.03439,0
"768",-1.96695,52.03486,0
"769",3.61723000000001,51.60804,0
"770",1.89991000000001,51.77436,0
"771",6.29936000000001,51.93508,0
"772",-2.60416000000001,52.04062,0
"773",2.85305,51.60825,0
"774",-1.57755,51.61584,0
"775",3.75558000000001,51.61986,0
"776",2.54640000000001,51.79284,0
"777",-2.32577000000001,51.79781,0
"778",4.71592999999999,51.95587,0
"779",6.47377,51.95875,0
"780",-2.57104000000001,52.04202,0
"781",3.65843000000001,52.04297,0
"782",5.87393,52.04347,0
"783",-2.16684000000001,52.04817,0
"784",1.93056999999999,51.62487,0
"785",-1.58672999999999,51.62513,0
"786",4.36331000000001,51.79978,0
"787",4.26013,51.79991,0
"788",-4.09394,51.8043,0
"789",6.34765999999999,51.9604,0
"790",7.44929999999999,52.05667,0
"791",-0.740780000000001,51.25266,0
"792",-0.706369999999993,51.25646,0
"793",-0.608470000000011,51.29604,0
"794",2.15275,51.62722,0
"795",1.75407999999999,51.62847,0
"796",5.02572000000001,51.81549,0
"797",-2.37702999999999,51.82125,0
"798",-2.51124999999999,51.82356,0
"799",6.22972999999999,51.96131,0
"800",-3.25897000000001,51.96206,0
"801",6.0658,51.96305,0
"802",-1.81344999999999,51.96366,0
"803",-1.09338,51.36509,0
"804",-2.32370261531217,51.824680278482,0
"805",-2.32655,51.82803,0
"806",-4.16999999999999,51.83166,0
"807",-3.96521000000001,51.9649,0
"808",6.13503,51.9657,0
"809",-3.59165999999999,52.05889,0
"810",4.54855000000001,52.06124,0
"811",7.48867000000001,52.06695,0
"812",-1.13570999999999,51.41473,0
"813",-1.09279000000001,51.41777,0
"814",3.72486000000001,51.63316,0
"815",-1.74473,51.84034,0
"816",4.30468999999999,51.84308,0
"817",5.40218999999999,51.84417,0
"818",6.08682999999999,51.8445,0
"819",-1.82122000000001,51.9712,0
"820",6.30846,51.97142,0
"821",-2.68221,52.07008,0
"822",-4.01805999999999,52.07079,0
"823",-1.17248000000001,51.42946,0
"824",-1.17202,51.4362,0
"825",1.40771000000001,51.6348,0
"826",3.49412000000001,51.97206,0
"827",-3.91542999999999,51.97294,0
"828",-3.15915000000001,51.97428,0
"829",-2.73611,52.0724,0
"830",-4.80355,52.08048,0
"831",-1.39402000000001,51.46452,0
"832",-1.35759999999999,51.48431,0
"833",-4.36326,51.6513,0
"834",2.55359000000001,51.65486,0
"835",-2.53014999999999,51.84948,0
"836",-1.53574,51.85835,0
"837",-1.75342000000001,51.86447,0
"838",7.40689,51.97727,0
"839",-1.31746000000001,51.4873,0
"840",3.66390000000001,51.65492,0
"841",3.64418000000001,51.65669,0
"842",-1.62664000000001,51.86544,0
"843",-1.96344999999999,51.993,0
"844",-2.17901000000001,51.99371,0
"845",-0.598489999999998,51.99394,0
"846",-1.32936000000001,51.49374,0
"847",3.72712999999999,51.65902,0
"848",2.14673999999999,51.66628,0
"849",5.04581999999999,51.87185,0
"850",-1.44559000000001,51.87194,0
"851",-1.78612000000001,51.99474,0
"852",-2.3485,51.996,0
"853",-4.09326999999999,51.81708,0
"854",-2.37344999999999,51.82127,0
"855",-2.49997999999999,51.83574,0
"856",-1.93512999999999,51.94646,0
"857",6.48509999999999,51.95299,0
"858",-2.75157999999999,52.07045,0
"859",7.43467999999999,52.0723,0
"860",4.55145999999999,52.08324,0
"861",7.17393000000001,52.20641,0
"862",-3.94295,52.28069,0
"863",-4.03765999999999,52.28093,0
"864",9.33858000000001,52.28427,0
"865",9.22810999999999,52.47821,0
"866",-5.65141,52.48288,0
"867",-5.58573000000001,52.48333,0
"868",-5.58627000000001,52.49839,0
"869",-6.27775,52.82155,0
"870",8.63685000000001,52.82201,0
"871",-9.01857000000001,53.12285,0
"872",-9.13771,53.123,0
"873",-9.0907,53.13107,0
"874",14.45226,54.37012,0
"875",14.40888,54.41212,0
"876",-4.14574999999999,51.83765,0
"877",-1.72863000000001,51.83791,0
"878",6.35769999999999,51.95737,0
"879",6.36929000000001,51.96033,0
"880",-1.73428999999999,51.96109,0
"881",7.57193000000001,52.09413,0
"882",-3.98975999999999,52.10509,0
"883",-6.52448999999999,52.21999,0
"884",-4.72332,52.22042,0
"885",-3.96397999999999,52.22876,0
"886",-4.65615,52.28995,0
"887",-3.95484999999999,52.3009,0
"888",-7.04725999999999,52.4988,0
"889",-7.45303999999999,52.82201,0
"890",-6.29866000000001,52.82339,0
"891",8.51347999999999,52.82939,0
"892",-9.13257999999999,53.15385,0
"893",-9.08593999999999,53.23658,0
"894",14.4064,54.47123,0
"895",-2.32883000000001,51.84029,0
"896",2.42372,51.84037,0
"897",6.06595999999999,51.96297,0
"898",6.15040999999999,51.96399,0
"899",0.10408000000001,52.12375,0
"900",-3.70632000000001,52.12619,0
"901",7.51655,52.12712,0
"902",-6.53765000000001,52.22901,0
"903",0.204309999999992,52.3014,0
"904",-5.74996999999999,52.50549,0
"905",-7.04562000000001,52.50732,0
"906",-7.58583999999999,52.84187,0
"907",-7.64452,52.84665,0
"908",-9.17903000000001,53.23768,0
"909",-9.15235999999999,53.25939,0
"910",5.40731,51.84329,0
"911",-1.81428,51.96483,0
"912",-3.96144000000001,51.9665,0
"913",7.59502000000001,52.12733,0
"914",-4.75613000000001,52.23817,0
"915",-4.18924000000001,52.30858,0
"916",6.19594000000001,52.31134,0
"917",-5.56677999999999,52.51614,0
"918",-5.93203,52.51826,0
"919",-7.56025,52.8502,0
"920",-7.53737000000001,52.85658,0
"921",-7.62018,52.86107,0
"922",-7.62619000000001,52.86321,0
"923",-9.34650999999999,53.31545,0
"924",-9.27715000000001,53.32066,0
"925",-9.38941,53.32373,0
"926",6.08892,51.8448,0
"927",-2.52925999999999,51.84977,0
"928",5.99799999999999,51.96999,0
"929",-1.82013000000001,51.9706,0
"930",-3.91471999999999,51.97309,0
"931",-6.20867999999999,52.12779,0
"932",4.65029000000001,52.13898,0
"933",-4.04578000000001,52.24287,0
"934",5.41664,52.33135,0
"935",-4.19261,52.33179,0
"936",-5.70612,52.52465,0
"937",9.39993000000001,52.52729,0
"938",9.44956999999999,52.53424,0
"939",8.73133999999999,52.8902,0
"940",-9.17932999999999,52.90838,0
"941",12.3428,53.52266,0
"942",-4.10518999999999,51.85734,0
"943",-1.72909000000001,51.85752,0
"944",-3.17445000000001,51.97496,0
"945",6.22282000000001,51.99,0
"946",-3.76535999999999,52.14213,0
"947",4.72015999999999,52.14306,0
"948",7.0247,52.24742,0
"949",6.9134,52.24842,0
"950",-6.80278999999999,52.33475,0
"951",-6.48493999999999,52.33791,0
"952",9.28154000000001,52.34293,0
"953",0.407279999999986,52.53695,0
"954",7.66455999999999,52.54022,0
"955",9.53898000000001,52.92583,0
"956",9.58786000000001,52.93025,0
"957",12.42211,53.54786,0
"958",-2.58340000000001,51.86215,0
"959",6.03200000000001,51.99469,0
"960",-1.78650999999999,51.99663,0
"961",-3.59838999999999,52.15982,0
"962",-3.98933,52.25321,0
"963",6.84909999999999,52.25447,0
"964",0.118439999999993,52.34349,0
"965",-3.64908,52.35187,0
"966",-6.50292999999999,52.55584,0
"967",-9.01154,52.93775,0
"968",9.93414000000001,52.97778,0
"969",12.53765,53.61308,0
"970",12.55163,53.63195,0
"971",2.25265999999999,51.87139,0
"972",-2.27556000000001,51.8716,0
"973",-0.432749999999999,51.87196,0
"974",6.05062000000001,51.99984,0
"975",-2.571,52.0058,0
"976",7.38128,52.16238,0
"977",-0.238959999999992,52.16348,0
"978",-4.88989000000001,52.25627,0
"979",6.74406999999999,52.25722,0
"980",-6.03222,52.37983,0
"981",6.00076999999999,52.38031,0
"982",-5.86023,52.38183,0
"983",7.64657,52.56315,0
"984",-7.05679000000001,52.56852,0
"985",9.31191999999999,52.57248,0
"986",9.37504999999999,52.583,0
"987",-9.07963000000001,52.98598,0
"988",-7.69225,52.99007,0
"989",12.67244,53.63989,0
"990",-2.30079000000001,51.87896,0
"991",6.07722999999999,51.88204,0
"992",-4.09551999999999,52.00772,0
"993",-4.84752,52.16908,0
"994",-4.08327,52.38911,0
"995",-4.15413000000001,52.39972,0
"996",-5.59099000000001,52.40073,0
"997",8.61964,52.40324,0
"998",-5.69092000000001,52.58601,0
"999",-6.80690000000001,53.01184,0
"1000",-6.81054,53.03398,0
"1001",11.11051,53.05514,0
"1002",12.74651,53.70854,0
"1003",-1.66309000000001,51.88242,0
"1004",6.09358,51.88985,0
"1005",-2.17658,52.0283,0
"1006",-3.53279000000001,52.03297,0
"1007",5.81236000000001,52.03332,0
"1008",-6.29410999999999,52.17604,0
"1009",-3.68888999999999,52.17975,0
"1010",7.11991,52.2626,0
"1011",6.56111999999999,52.26278,0
"1012",-5.73891,52.40477,0
"1013",6.19469000000001,52.40768,0
"1014",-7.07534000000001,52.59128,0
"1015",-5.70824999999999,52.60147,0
"1016",-7.01542000000001,53.06455,0
"1017",-7.05076,53.068,0
"1018",12.86308,53.81343,0
"1019",-0.25976,51.89256,0
"1020",-1.74513999999999,51.89278,0
"1021",-0.239249999999998,51.89477,0
"1022",-1.96813,52.03398,0
"1023",-2.34524999999999,52.03664,0
"1024",-0.683369999999996,52.03807,0
"1025",-0.385979999999989,52.1802,0
"1026",6.32671999999999,52.26484,0
"1027",-4.80869000000001,52.2663,0
"1028",6.22998000000001,52.41945,0
"1029",6.19033999999999,52.42386,0
"1030",-6.56048999999999,52.60272,0
"1031",-7.15554,52.61737,0
"1032",-7.18161000000001,53.07045,0
"1033",10.12508,53.07096,0
"1034",13.62182,54.07678,0
"1035",-4.08322999999999,51.89623,0
"1036",-0.249099999999999,51.89748,0
"1037",-2.53725,52.04157,0
"1038",-2.60415,52.04198,0
"1039",-0.629979999999989,52.04369,0
"1040",7.53523000000001,52.18191,0
"1041",-6.38862,52.18394,0
"1042",-4.74216000000001,52.18585,0
"1043",0.0799199999999871,52.26834,0
"1044",9.40556000000001,52.26835,0
"1045",-4.31200000000001,52.43616,0
"1046",8.65295,52.43864,0
"1047",-7.18378000000001,52.62425,0
"1048",-6.12738999999999,52.65107,0
"1049",-6.13678999999999,52.65824,0
"1050",-6.00305,52.66236,0
"1051",10.92057,53.07129,0
"1052",-7.18057999999999,53.07431,0
"1053",13.74058,54.16019,0
"1054",13.68749,54.16556,0
"1055",13.72774,54.17909,0
"1056",-3.39655999999999,51.90714,0
"1057",2.97989999999999,51.90877,0
"1058",5.85840999999999,52.04931,0
"1059",-0.33950999999999,52.19127,0
"1060",-0.0907400000000109,52.2722,0
"1061",-0.117580000000004,52.44435,0
"1062",-5.72353000000001,52.44721,0
"1063",-5.68629999999999,52.44904,0
"1064",9.22182000000001,52.66898,0
"1065",-7.24782999999999,52.67577,0
"1066",-7.20702,52.69045,0
"1067",9.17473000000001,52.69408,0
"1068",9.85715999999999,53.07958,0
"1069",10.39523,53.08316,0
"1070",9.88077999999999,53.08605,0
"1071",2.38990000000001,51.79151,0
"1072",-2.30783,51.79258,0
"1073",6.20444000000001,51.9105,0
"1074",-2.16934000000001,52.05459,0
"1075",-3.59123,52.05869,0
"1076",4.99351999999999,52.20025,0
"1077",6.04809,52.20038,0
"1078",-4.11857000000001,52.27489,0
"1079",-4.68236999999999,52.27628,0
"1080",-6.22074000000001,52.45533,0
"1081",7.67857000000001,52.45604,0
"1082",-7.30036000000001,52.70417,0
"1083",9.24214000000001,52.72553,0
"1084",-7.27937,53.091,0
"1085",4.79415,51.79903,0
"1086",-3.39680000000001,51.92493,0
"1087",7.4898,52.06785,0
"1088",6.06264999999999,52.20047,0
"1089",-4.67434,52.27636,0
"1090",-6.23102,52.45635,0
"1091",-6.62477000000001,52.46422,0
"1092",-6.81004999999999,52.47072,0
"1093",9.47751,52.73183,0
"1094",9.34759,52.74485,0
"1095",-5.94279,52.77366,0
"1096",-9.09730999999999,53.11269,0
"1097",-9.03262000000001,53.11283,0
"1098",13.96769,54.21682,0
"1099",14.14122,54.22919,0
"1100",14.21349,54.22959,0
"1101",13.97781,54.24662,0
"1102",-2.28899999999999,51.81444,0
"1103",-3.32559000000001,51.93111,0
"1104",-1.83026000000001,51.93526,0
"1105",-3.99551,52.06852,0
"1106",7.21842000000001,52.20433,0
"1107",-5.77108999999999,52.47161,0
"1108",6.41997000000001,52.4742,0
"1109",-7.42424,52.79677,0
"1110",-7.41015999999999,52.80373,0
"1111",10.06753,53.11491,0
"1112",14.40107,54.35293,0
"1113",3.64624000000001,51.65752,0
"1114",3.72632999999999,51.65915,0
"1115",-1.66040000000001,51.66381,0
"1116",-0.786789999999996,51.25063,0
"1117",-0.736819999999994,51.25293,0
"1118",2.14863,51.66687,0
"1119",-2.04147,51.67038,0
"1120",-1.65153000000001,51.67199,0
"1121",-0.698880000000003,51.25792,0
"1122",-4.19096999999999,51.71798,0
"1123",-2.07164,51.7194,0
"1124",-1.99683999999999,51.73587,0
"1125",1.96964,51.74139,0
"1126",-0.610759999999999,51.29432,0
"1127",-1.13812999999999,51.41564,0
"1128",-1.09032999999999,51.41744,0
"1129",-4.14445000000001,51.7442,0
"1130",-4.13166000000001,51.75504,0
"1131",4.55399,51.75945,0
"1132",-1.17071999999999,51.43505,0
"1133",-1.29472999999999,51.48409,0
"1134",-2.54740000000001,51.77093,0
"1135",-4.08641,51.77413,0
"1136",2.32443000000001,51.78209,0
"1137",-1.31909999999999,51.48549,0
"1138",-1.33452,51.49521,0
"1139",-1.85601,51.78345,0
"1140",1.25698,51.51432,0
"1141",3.39894000000001,51.60539,0
"1142",-2.66001,51.76182,0
"1143",3.24825999999999,51.56007,0
"1144",-4.45321000000001,51.69375,0
"1145",-1.57972000000001,51.61526,0
"1146",3.43346,51.61541,0
"1147",2.81947,51.68066,0
"1148",4.25467,51.68123,0
"1149",1.75594000000001,51.61977,0
"1150",-1.86792,51.64838,0
